Query, Precision, Recall, F1, MeanPrecision, MeanPrecision@10, NDCG
10,1.0,0.75,0.8571428571428571,0.6666666666666666,0.6666666666666666,1.0
13,0.2,0.08333333333333333,0.11764705882352941,0.1,0.1,0.6934264036172708
37,0.0,0.0,0.0,0.0,0.0,0.0
4,0.0,0.0,0.0,0.0,0.0,0.0
26,0.5,0.10638297872340426,0.17543859649122806,0.41999999999999993,0.41999999999999993,0.7507108642732468
21,0.4,0.05,0.0888888888888889,0.65,0.65,0.9726097514324383
17,0.0,0.0,0.0,0.0,0.0,0.0
14,0.0,0.0,0.0,0.0,0.0,0.0
24,0.3,0.11538461538461539,0.16666666666666669,0.13095238095238096,0.13095238095238096,0.4442557158912845
11,0.1,0.009009009009009009,0.016528925619834708,0.0,0.0,0.38685280723454163
50,0.4,0.013245033112582781,0.02564102564102564,0.26964285714285713,0.26964285714285713,0.5272755470665306
5,0.0,0.0,0.0,0.0,0.0,0.0
1,0.5,0.06329113924050633,0.11235955056179776,0.8,0.8,1.0
42,0.1,0.0014347202295552368,0.0028288543140028294,0.0,0.0,0.5
36,0.8,0.031496062992125984,0.06060606060606061,0.5844246031746032,0.5844246031746032,0.8244541291635542
45,0.0,0.0,0.0,0.0,0.0,0.0
3,0.0,0.0,0.0,0.0,0.0,0.0
31,0.0,0.0,0.0,0.0,0.0,0.0
43,0.1,0.005128205128205128,0.00975609756097561,0.0,0.0,0.5
19,0.0,0.0,0.0,0.0,0.0,0.0
39,0.0,0.0,0.0,0.0,0.0,0.0
34,0.1,0.03225806451612903,0.04878048780487805,0.0,0.0,0.3562071871080222
47,0.0,0.0,0.0,0.0,0.0,0.0
12,0.4,0.015625,0.03007518796992481,0.75,0.75,1.0
28,0.1,0.07692307692307693,0.08695652173913043,0.0,0.0,1.0
38,0.0,0.0,0.0,0.0,0.0,0.0
15,0.0,0.0,0.0,0.0,0.0,0.0
18,1.0,1.0,1.0,0.0,0.0,1.0
41,0.1,0.001718213058419244,0.0033783783783783786,0.0,0.0,0.3010299956639812
27,0.1,0.034482758620689655,0.05128205128205129,0.0,0.0,1.0
49,0.4,0.0547945205479452,0.09638554216867469,0.20476190476190476,0.20476190476190476,0.6455641918910032
35,0.2,0.007380073800738007,0.014234875444839855,0.25,0.25,0.8154648767857288
30,0.0,0.0,0.0,0.0,0.0,0.0
7,0.0,0.0,0.0,0.0,0.0,0.0
29,0.0,0.0,0.0,0.0,0.0,0.0
16,0.2,0.013605442176870748,0.025477707006369428,0.1,0.1,0.5088912804029996
33,0.0,0.0,0.0,0.0,0.0,0.0
25,0.1,0.03125,0.047619047619047616,0.0,0.0,0.38685280723454163
9,0.6,0.05217391304347826,0.09599999999999999,0.35568783068783066,0.35568783068783066,0.5372410106818885
22,0.0,0.0,0.0,0.0,0.0,0.0
6,1.0,0.10638297872340426,0.1923076923076923,0.9,0.9,1.0
32,0.0,0.0,0.0,0.0,0.0,0.0
44,0.3,0.004622496147919877,0.009104704097116846,0.27777777777777773,0.27777777777777773,0.5935568251204684
46,0.8,0.04060913705583756,0.07729468599033816,0.5427579365079365,0.5427579365079365,0.7812774989197036
40,0.0,0.0,0.0,0.0,0.0,0.0
8,0.0,0.0,0.0,0.0,0.0,0.0
20,0.1,0.008620689655172414,0.015873015873015872,0.0,0.0,1.0
48,0.2,0.012903225806451613,0.02424242424242424,0.25,0.25,0.8769765845238192
2,0.5,0.04950495049504951,0.09009009009009009,0.6,0.6,0.9432207699471004
23,0.2,0.012658227848101266,0.023809523809523808,0.125,0.125,0.8102255193577976
Avg,0.21599999999999997,0.05568435731145242,0.07132833036280725,0.15955343915343914,0.15955343915343914,0.4231218753263184
